Photographer Name,Photographer Location,Price
7th Step by Artsy,"Bangalore, Bangalore","40,000"
Leor Studio,"Bangalore, Bangalore","21,000"
Bonds & Tales,"Bangalore, Bangalore","40,000"
Trikona Studio,"Bangalore, Bangalore","35,000"
Chandru Visuals,"Bangalore, Bangalore","50,000"
Ginger Films,"Bangalore, Bangalore","40,000"
Sri Sai Events,"Bangalore, Bangalore","1,20,000"
Creative Paparazzi Photography,"Bangalore, Bangalore","35,000"
Mercury Studios,"Bangalore, Bangalore","28,000"
VJ Event Photography,"Bangalore, Bangalore","40,000"
Dhuruvan photography,"Bangalore, Bangalore","55,000"
Just Clicks Photography,"Bangalore, Bangalore","22,000"
V2preweddings,"Bangalore, Bangalore","27,000"
Studio19 Photography,"Bangalore, Bangalore","45,000"
Gopi The Moment Maker,"Bangalore, Bangalore","21,000"
Sharanya Vasuki Photography,"Bangalore, Bangalore","20,000"
G K Vale & Company,"Bangalore, Bangalore","60,000"
Lucky Charm Event Planner,"Bangalore, Bangalore","61,000"
Atash Photography,"Bangalore, Bangalore","12,000"
Ryze Studios,"Bangalore, Bangalore","15,000"
Eyetricks Wedding Media,"Bangalore, Bangalore","15,000"
KA 05 Studio,"Bangalore, Bangalore","22,000"
Anjani Digital Photo & Video,"Bangalore, Bangalore","8,000"
Focus Studio Udupi,"Bangalore, Bangalore","60,000"
,"Bangalore, Bangalore","1,60,000"
